nUPMqrrAvmF-6n9_H29zNQ,7ad23564-cc71-4ae7-bb95-bdba38aed71c,0,True
nUPMqrrAvmF-6n9_H29zNQ,7ad23564-cc71-4ae7-bb95-bdba38aed71c,90,True
nUPMqrrAvmF-6n9_H29zNQ,7ad23564-cc71-4ae7-bb95-bdba38aed71c,180,True
nUPMqrrAvmF-6n9_H29zNQ,7ad23564-cc71-4ae7-bb95-bdba38aed71c,270,True
8SvSYSI54L6WUwBmisVPpQ,b6fc39f9-213f-4318-ac92-2954652da625,0,True
8SvSYSI54L6WUwBmisVPpQ,b6fc39f9-213f-4318-ac92-2954652da625,90,True
8SvSYSI54L6WUwBmisVPpQ,b6fc39f9-213f-4318-ac92-2954652da625,180,True
8SvSYSI54L6WUwBmisVPpQ,b6fc39f9-213f-4318-ac92-2954652da625,270,True
tMB2jFj9otnzp_wkxi1cTg,56b3672c-1c50-44f0-ae8a-1707a6574371,0,True
tMB2jFj9otnzp_wkxi1cTg,56b3672c-1c50-44f0-ae8a-1707a6574371,90,True
tMB2jFj9otnzp_wkxi1cTg,56b3672c-1c50-44f0-ae8a-1707a6574371,180,True
tMB2jFj9otnzp_wkxi1cTg,56b3672c-1c50-44f0-ae8a-1707a6574371,270,True
378BiP0-JUnG9vX-LRoXqw,a03a7f4a-6205-4e49-a4aa-f393582a6773,0,True
378BiP0-JUnG9vX-LRoXqw,a03a7f4a-6205-4e49-a4aa-f393582a6773,90,True
378BiP0-JUnG9vX-LRoXqw,a03a7f4a-6205-4e49-a4aa-f393582a6773,180,True
378BiP0-JUnG9vX-LRoXqw,a03a7f4a-6205-4e49-a4aa-f393582a6773,270,True
0ClfAjw4llChIxeXX--mMg,9a8dffd4-6cee-4b28-b49d-fb716b86417c,0,True
0ClfAjw4llChIxeXX--mMg,9a8dffd4-6cee-4b28-b49d-fb716b86417c,90,True
0ClfAjw4llChIxeXX--mMg,9a8dffd4-6cee-4b28-b49d-fb716b86417c,180,True
0ClfAjw4llChIxeXX--mMg,9a8dffd4-6cee-4b28-b49d-fb716b86417c,270,True
HFeYFG5ycfeBsrGEsEk9FQ,f6ff4904-9762-4c4a-9a13-8b8facd04076,0,True
HFeYFG5ycfeBsrGEsEk9FQ,f6ff4904-9762-4c4a-9a13-8b8facd04076,90,True
HFeYFG5ycfeBsrGEsEk9FQ,f6ff4904-9762-4c4a-9a13-8b8facd04076,180,True
HFeYFG5ycfeBsrGEsEk9FQ,f6ff4904-9762-4c4a-9a13-8b8facd04076,270,True
t4zXaaXr6aob8jGY4-PcWQ,7f74ff9a-5164-43cc-a9f7-21eb9037cd77,0,True
t4zXaaXr6aob8jGY4-PcWQ,7f74ff9a-5164-43cc-a9f7-21eb9037cd77,90,True
t4zXaaXr6aob8jGY4-PcWQ,7f74ff9a-5164-43cc-a9f7-21eb9037cd77,180,True
t4zXaaXr6aob8jGY4-PcWQ,7f74ff9a-5164-43cc-a9f7-21eb9037cd77,270,True
gY5jvcxqJMKTkm_C19OXHw,50eeb60b-f135-4bdd-b5c5-197298117566,0,True
gY5jvcxqJMKTkm_C19OXHw,50eeb60b-f135-4bdd-b5c5-197298117566,90,True
gY5jvcxqJMKTkm_C19OXHw,50eeb60b-f135-4bdd-b5c5-197298117566,180,True
gY5jvcxqJMKTkm_C19OXHw,50eeb60b-f135-4bdd-b5c5-197298117566,270,True
eoZdUXOOXxvwjfsgewjEtQ,3e6e0e49-9f06-46fd-b454-9b8a3f4672f2,0,True
eoZdUXOOXxvwjfsgewjEtQ,3e6e0e49-9f06-46fd-b454-9b8a3f4672f2,90,True
eoZdUXOOXxvwjfsgewjEtQ,3e6e0e49-9f06-46fd-b454-9b8a3f4672f2,180,True
eoZdUXOOXxvwjfsgewjEtQ,3e6e0e49-9f06-46fd-b454-9b8a3f4672f2,270,True
CC3L01Gu54ceh26UYVuEJg,cf30413d-0033-40d2-8f94-0ba137e70003,0,True
CC3L01Gu54ceh26UYVuEJg,cf30413d-0033-40d2-8f94-0ba137e70003,90,True
CC3L01Gu54ceh26UYVuEJg,cf30413d-0033-40d2-8f94-0ba137e70003,180,True
CC3L01Gu54ceh26UYVuEJg,cf30413d-0033-40d2-8f94-0ba137e70003,270,True
oQcNbVQ66-Ef5sD6yGsC4w,e293153f-f4d8-48f1-be49-8da628422eeb,0,True
oQcNbVQ66-Ef5sD6yGsC4w,e293153f-f4d8-48f1-be49-8da628422eeb,90,True
oQcNbVQ66-Ef5sD6yGsC4w,e293153f-f4d8-48f1-be49-8da628422eeb,180,True
oQcNbVQ66-Ef5sD6yGsC4w,e293153f-f4d8-48f1-be49-8da628422eeb,270,True
qnsaAvwhwwzhSF800ALGgg,9af825bb-4462-44fe-9579-4e1d3ef87deb,0,True
qnsaAvwhwwzhSF800ALGgg,9af825bb-4462-44fe-9579-4e1d3ef87deb,90,True
qnsaAvwhwwzhSF800ALGgg,9af825bb-4462-44fe-9579-4e1d3ef87deb,180,True
qnsaAvwhwwzhSF800ALGgg,9af825bb-4462-44fe-9579-4e1d3ef87deb,270,True
9h9yPUgT_agU6vhKkWHHCQ,10704299-7dd4-4a6d-938d-e92b856b290e,0,True
9h9yPUgT_agU6vhKkWHHCQ,10704299-7dd4-4a6d-938d-e92b856b290e,90,True
9h9yPUgT_agU6vhKkWHHCQ,10704299-7dd4-4a6d-938d-e92b856b290e,180,True
9h9yPUgT_agU6vhKkWHHCQ,10704299-7dd4-4a6d-938d-e92b856b290e,270,True
64_i1B9OjKxVsk9jpePgxw,44488dc2-58b3-495f-83d9-d9e24baa9321,0,True
64_i1B9OjKxVsk9jpePgxw,44488dc2-58b3-495f-83d9-d9e24baa9321,90,True
64_i1B9OjKxVsk9jpePgxw,44488dc2-58b3-495f-83d9-d9e24baa9321,180,True
64_i1B9OjKxVsk9jpePgxw,44488dc2-58b3-495f-83d9-d9e24baa9321,270,True
AGse-Qf6m6Qk6MSY1s4rpA,bce00615-d4b3-45b7-8e0b-e2d03aa0cbe7,0,True
AGse-Qf6m6Qk6MSY1s4rpA,bce00615-d4b3-45b7-8e0b-e2d03aa0cbe7,90,True
AGse-Qf6m6Qk6MSY1s4rpA,bce00615-d4b3-45b7-8e0b-e2d03aa0cbe7,180,True
AGse-Qf6m6Qk6MSY1s4rpA,bce00615-d4b3-45b7-8e0b-e2d03aa0cbe7,270,True
E_OeVGGw16h6q9YcMLaTTQ,0edca9d3-1dc7-4ddd-aa3e-2ad5397dc25d,0,True
E_OeVGGw16h6q9YcMLaTTQ,0edca9d3-1dc7-4ddd-aa3e-2ad5397dc25d,90,True
E_OeVGGw16h6q9YcMLaTTQ,0edca9d3-1dc7-4ddd-aa3e-2ad5397dc25d,180,True
E_OeVGGw16h6q9YcMLaTTQ,0edca9d3-1dc7-4ddd-aa3e-2ad5397dc25d,270,True
CUXUw7bl-2AghrlH5T20YQ,fc222d86-baf3-4096-9c85-de3e1b23fe55,0,True
CUXUw7bl-2AghrlH5T20YQ,fc222d86-baf3-4096-9c85-de3e1b23fe55,90,True
CUXUw7bl-2AghrlH5T20YQ,fc222d86-baf3-4096-9c85-de3e1b23fe55,180,True
CUXUw7bl-2AghrlH5T20YQ,fc222d86-baf3-4096-9c85-de3e1b23fe55,270,True
yVGEQ1jzAcZJkp6xIPaPBQ,0e29a72c-d754-44aa-b05d-1f44cdc8d3a9,0,True
yVGEQ1jzAcZJkp6xIPaPBQ,0e29a72c-d754-44aa-b05d-1f44cdc8d3a9,90,True
yVGEQ1jzAcZJkp6xIPaPBQ,0e29a72c-d754-44aa-b05d-1f44cdc8d3a9,180,True
yVGEQ1jzAcZJkp6xIPaPBQ,0e29a72c-d754-44aa-b05d-1f44cdc8d3a9,270,True
gqM66QmHwClwV3tRsMj5Og,93fbf2e7-7ca7-4e10-8425-ffd4219f09b6,0,True
gqM66QmHwClwV3tRsMj5Og,93fbf2e7-7ca7-4e10-8425-ffd4219f09b6,90,True
gqM66QmHwClwV3tRsMj5Og,93fbf2e7-7ca7-4e10-8425-ffd4219f09b6,180,True
gqM66QmHwClwV3tRsMj5Og,93fbf2e7-7ca7-4e10-8425-ffd4219f09b6,270,True
00VFlU_h4i_w2W1PuRbBsg,4824c275-87bf-4898-8a10-b8c1fc5edc1a,0,True
00VFlU_h4i_w2W1PuRbBsg,4824c275-87bf-4898-8a10-b8c1fc5edc1a,90,True
00VFlU_h4i_w2W1PuRbBsg,4824c275-87bf-4898-8a10-b8c1fc5edc1a,180,True
00VFlU_h4i_w2W1PuRbBsg,4824c275-87bf-4898-8a10-b8c1fc5edc1a,270,True
7f4bSJofYm6dFmI2KpMqGA,554dec14-5c30-4672-aee4-1dc87d6798a0,0,True
7f4bSJofYm6dFmI2KpMqGA,554dec14-5c30-4672-aee4-1dc87d6798a0,90,True
7f4bSJofYm6dFmI2KpMqGA,554dec14-5c30-4672-aee4-1dc87d6798a0,180,True
7f4bSJofYm6dFmI2KpMqGA,554dec14-5c30-4672-aee4-1dc87d6798a0,270,True
0DYPyJDM7qdBADtksRM7WA,c95675a2-2d26-45c5-8b6b-757c74d648a9,0,True
0DYPyJDM7qdBADtksRM7WA,c95675a2-2d26-45c5-8b6b-757c74d648a9,90,True
0DYPyJDM7qdBADtksRM7WA,c95675a2-2d26-45c5-8b6b-757c74d648a9,180,True
0DYPyJDM7qdBADtksRM7WA,c95675a2-2d26-45c5-8b6b-757c74d648a9,270,True
UEQVIc5yiViIYJWqPlkhGQ,11a794fc-ab47-463a-94ca-9878e9d0ced2,0,True
UEQVIc5yiViIYJWqPlkhGQ,11a794fc-ab47-463a-94ca-9878e9d0ced2,90,True
UEQVIc5yiViIYJWqPlkhGQ,11a794fc-ab47-463a-94ca-9878e9d0ced2,180,True
UEQVIc5yiViIYJWqPlkhGQ,11a794fc-ab47-463a-94ca-9878e9d0ced2,270,True
BoNpkx1D6WleZYQmri2yhQ,b37efa56-72a4-4b73-a928-bdbc1bda0bc5,0,True
BoNpkx1D6WleZYQmri2yhQ,b37efa56-72a4-4b73-a928-bdbc1bda0bc5,90,True
BoNpkx1D6WleZYQmri2yhQ,b37efa56-72a4-4b73-a928-bdbc1bda0bc5,180,True
BoNpkx1D6WleZYQmri2yhQ,b37efa56-72a4-4b73-a928-bdbc1bda0bc5,270,True
bxFfP_JWCo7IJriXGPvKsw,530bbc10-5d60-4228-8dee-1e084f2ff614,0,True
bxFfP_JWCo7IJriXGPvKsw,530bbc10-5d60-4228-8dee-1e084f2ff614,90,True
bxFfP_JWCo7IJriXGPvKsw,530bbc10-5d60-4228-8dee-1e084f2ff614,180,True
bxFfP_JWCo7IJriXGPvKsw,530bbc10-5d60-4228-8dee-1e084f2ff614,270,True
M77vtUIbARs9NqopEr6wKA,32f68b26-7965-4cb9-b801-801214359f3d,0,True
M77vtUIbARs9NqopEr6wKA,32f68b26-7965-4cb9-b801-801214359f3d,90,True
M77vtUIbARs9NqopEr6wKA,32f68b26-7965-4cb9-b801-801214359f3d,180,True
M77vtUIbARs9NqopEr6wKA,32f68b26-7965-4cb9-b801-801214359f3d,270,True
D6LA3pOv3saEQ3P5TbYXcw,7a3ca540-0b4d-401e-bacb-a72166d0d120,0,True
D6LA3pOv3saEQ3P5TbYXcw,7a3ca540-0b4d-401e-bacb-a72166d0d120,90,True
D6LA3pOv3saEQ3P5TbYXcw,7a3ca540-0b4d-401e-bacb-a72166d0d120,180,True
D6LA3pOv3saEQ3P5TbYXcw,7a3ca540-0b4d-401e-bacb-a72166d0d120,270,True
gz7Hk7Ivfrtp8S6b0ClVUQ,9646cfdd-cd74-4d88-9499-e53786d2cd49,0,True
gz7Hk7Ivfrtp8S6b0ClVUQ,9646cfdd-cd74-4d88-9499-e53786d2cd49,90,True
gz7Hk7Ivfrtp8S6b0ClVUQ,9646cfdd-cd74-4d88-9499-e53786d2cd49,180,True
gz7Hk7Ivfrtp8S6b0ClVUQ,9646cfdd-cd74-4d88-9499-e53786d2cd49,270,True
Fm8fVJ5Mb5I8x_7FDHNuxw,fc22090e-5786-4914-aad9-9479620575b8,0,True
Fm8fVJ5Mb5I8x_7FDHNuxw,fc22090e-5786-4914-aad9-9479620575b8,90,True
Fm8fVJ5Mb5I8x_7FDHNuxw,fc22090e-5786-4914-aad9-9479620575b8,180,True
Fm8fVJ5Mb5I8x_7FDHNuxw,fc22090e-5786-4914-aad9-9479620575b8,270,True
3MvIRkKQCRENI-MI-LXlUg,3e002411-ac6e-456f-8782-872eb57677fa,0,True
3MvIRkKQCRENI-MI-LXlUg,3e002411-ac6e-456f-8782-872eb57677fa,90,True
3MvIRkKQCRENI-MI-LXlUg,3e002411-ac6e-456f-8782-872eb57677fa,180,True
3MvIRkKQCRENI-MI-LXlUg,3e002411-ac6e-456f-8782-872eb57677fa,270,True
UNzrMSjNocCe4TOO2ntmFQ,a8677a13-45cf-4db4-9fd6-66d12265c622,0,True
UNzrMSjNocCe4TOO2ntmFQ,a8677a13-45cf-4db4-9fd6-66d12265c622,90,True
UNzrMSjNocCe4TOO2ntmFQ,a8677a13-45cf-4db4-9fd6-66d12265c622,180,True
UNzrMSjNocCe4TOO2ntmFQ,a8677a13-45cf-4db4-9fd6-66d12265c622,270,True
4Ftw6hOOXYVO283sfG5-4Q,9531cfca-d3bc-4a96-bfb9-5c6d6e6f6686,0,True
4Ftw6hOOXYVO283sfG5-4Q,9531cfca-d3bc-4a96-bfb9-5c6d6e6f6686,90,True
4Ftw6hOOXYVO283sfG5-4Q,9531cfca-d3bc-4a96-bfb9-5c6d6e6f6686,180,True
4Ftw6hOOXYVO283sfG5-4Q,9531cfca-d3bc-4a96-bfb9-5c6d6e6f6686,270,True
08vsZ5yhPYTnmmoWX95hNA,c42cb435-cda8-42eb-9f6d-b12aaca4831e,0,True
08vsZ5yhPYTnmmoWX95hNA,c42cb435-cda8-42eb-9f6d-b12aaca4831e,90,True
08vsZ5yhPYTnmmoWX95hNA,c42cb435-cda8-42eb-9f6d-b12aaca4831e,180,True
08vsZ5yhPYTnmmoWX95hNA,c42cb435-cda8-42eb-9f6d-b12aaca4831e,270,True
rjzZqLvwDEdREhUY1SRgrg,f5ce4f79-1fa4-47a0-b085-5ebf4c6a975c,0,True
rjzZqLvwDEdREhUY1SRgrg,f5ce4f79-1fa4-47a0-b085-5ebf4c6a975c,90,True
rjzZqLvwDEdREhUY1SRgrg,f5ce4f79-1fa4-47a0-b085-5ebf4c6a975c,180,True
rjzZqLvwDEdREhUY1SRgrg,f5ce4f79-1fa4-47a0-b085-5ebf4c6a975c,270,True
Ot_KiFLwvSmtysiCMdOb_g,8ce48e8d-f2c1-4248-a7a9-eb9072a482fc,0,True
Ot_KiFLwvSmtysiCMdOb_g,8ce48e8d-f2c1-4248-a7a9-eb9072a482fc,90,True
Ot_KiFLwvSmtysiCMdOb_g,8ce48e8d-f2c1-4248-a7a9-eb9072a482fc,180,True
Ot_KiFLwvSmtysiCMdOb_g,8ce48e8d-f2c1-4248-a7a9-eb9072a482fc,270,True
TkqCttyet--5Dwnw1U6OYw,6c674c9c-d4e8-45e5-96d2-b55343278d86,0,True
TkqCttyet--5Dwnw1U6OYw,6c674c9c-d4e8-45e5-96d2-b55343278d86,90,True
TkqCttyet--5Dwnw1U6OYw,6c674c9c-d4e8-45e5-96d2-b55343278d86,180,True
TkqCttyet--5Dwnw1U6OYw,6c674c9c-d4e8-45e5-96d2-b55343278d86,270,True
PNafJkAet9s1QasUMwqSkw,4fe24d34-f1a6-4ab8-a6b0-c17bbc72e4f9,0,True
PNafJkAet9s1QasUMwqSkw,4fe24d34-f1a6-4ab8-a6b0-c17bbc72e4f9,90,True
PNafJkAet9s1QasUMwqSkw,4fe24d34-f1a6-4ab8-a6b0-c17bbc72e4f9,180,True
PNafJkAet9s1QasUMwqSkw,4fe24d34-f1a6-4ab8-a6b0-c17bbc72e4f9,270,True
KL71hnnUFMkFHqDhenZ8AQ,7ba399b2-157c-494b-8be3-9b75df46909a,0,True
KL71hnnUFMkFHqDhenZ8AQ,7ba399b2-157c-494b-8be3-9b75df46909a,90,True
KL71hnnUFMkFHqDhenZ8AQ,7ba399b2-157c-494b-8be3-9b75df46909a,180,True
KL71hnnUFMkFHqDhenZ8AQ,7ba399b2-157c-494b-8be3-9b75df46909a,270,True
nq75B0a5itUH0Xrt59v4lw,bd8fe511-a31b-4ca4-811c-3843b8c99e24,0,True
nq75B0a5itUH0Xrt59v4lw,bd8fe511-a31b-4ca4-811c-3843b8c99e24,90,True
nq75B0a5itUH0Xrt59v4lw,bd8fe511-a31b-4ca4-811c-3843b8c99e24,180,True
nq75B0a5itUH0Xrt59v4lw,bd8fe511-a31b-4ca4-811c-3843b8c99e24,270,True
iq4ER8VKG_0aZ5hIELUHtw,f86bcfe6-c70c-49c8-887e-a4c6b480c988,0,True
iq4ER8VKG_0aZ5hIELUHtw,f86bcfe6-c70c-49c8-887e-a4c6b480c988,90,True
iq4ER8VKG_0aZ5hIELUHtw,f86bcfe6-c70c-49c8-887e-a4c6b480c988,180,True
iq4ER8VKG_0aZ5hIELUHtw,f86bcfe6-c70c-49c8-887e-a4c6b480c988,270,True
ASVMbhdg7maMgIT83YAMZg,66c58568-b989-47ff-83da-21fdc1d5c89f,0,True
ASVMbhdg7maMgIT83YAMZg,66c58568-b989-47ff-83da-21fdc1d5c89f,90,True
ASVMbhdg7maMgIT83YAMZg,66c58568-b989-47ff-83da-21fdc1d5c89f,180,True
ASVMbhdg7maMgIT83YAMZg,66c58568-b989-47ff-83da-21fdc1d5c89f,270,True
Jj-1CHVAeEOPklXgVpv9Eg,95501aee-5838-46a8-8a65-41f9dfedd7ae,0,True
Jj-1CHVAeEOPklXgVpv9Eg,95501aee-5838-46a8-8a65-41f9dfedd7ae,90,True
Jj-1CHVAeEOPklXgVpv9Eg,95501aee-5838-46a8-8a65-41f9dfedd7ae,180,True
Jj-1CHVAeEOPklXgVpv9Eg,95501aee-5838-46a8-8a65-41f9dfedd7ae,270,True
XcmBonmPUcPvji83w0_mWg,aa858582-04a1-4da7-b466-7ed0eed292a3,0,True
XcmBonmPUcPvji83w0_mWg,aa858582-04a1-4da7-b466-7ed0eed292a3,90,True
XcmBonmPUcPvji83w0_mWg,aa858582-04a1-4da7-b466-7ed0eed292a3,180,True
XcmBonmPUcPvji83w0_mWg,aa858582-04a1-4da7-b466-7ed0eed292a3,270,True
XV6RZQyllSK85f8TQDs76A,bd0b6207-9583-4222-a397-77b6b83cb94c,0,True
XV6RZQyllSK85f8TQDs76A,bd0b6207-9583-4222-a397-77b6b83cb94c,90,True
XV6RZQyllSK85f8TQDs76A,bd0b6207-9583-4222-a397-77b6b83cb94c,180,True
XV6RZQyllSK85f8TQDs76A,bd0b6207-9583-4222-a397-77b6b83cb94c,270,True
aHS7hGZrAuEVs1LqGOxzww,818e9512-aa23-467f-b610-99ca2fc096d5,0,True
aHS7hGZrAuEVs1LqGOxzww,818e9512-aa23-467f-b610-99ca2fc096d5,90,True
aHS7hGZrAuEVs1LqGOxzww,818e9512-aa23-467f-b610-99ca2fc096d5,180,True
aHS7hGZrAuEVs1LqGOxzww,818e9512-aa23-467f-b610-99ca2fc096d5,270,True
JtG52WGbTZNiN2xaSoxZqg,e3643800-5beb-41bb-b094-e94a0a1e40e5,0,True
JtG52WGbTZNiN2xaSoxZqg,e3643800-5beb-41bb-b094-e94a0a1e40e5,90,True
JtG52WGbTZNiN2xaSoxZqg,e3643800-5beb-41bb-b094-e94a0a1e40e5,180,True
JtG52WGbTZNiN2xaSoxZqg,e3643800-5beb-41bb-b094-e94a0a1e40e5,270,True
zrc8UqKFWov1oYkvJlqBjQ,1f2586ba-0051-4f1a-9178-ee540af8d528,0,True
zrc8UqKFWov1oYkvJlqBjQ,1f2586ba-0051-4f1a-9178-ee540af8d528,90,True
zrc8UqKFWov1oYkvJlqBjQ,1f2586ba-0051-4f1a-9178-ee540af8d528,180,True
zrc8UqKFWov1oYkvJlqBjQ,1f2586ba-0051-4f1a-9178-ee540af8d528,270,True
68dewaOp4bLqfecvFtkrLQ,2689c116-1f77-413e-8dd7-caad021dd2cb,0,True
68dewaOp4bLqfecvFtkrLQ,2689c116-1f77-413e-8dd7-caad021dd2cb,90,True
68dewaOp4bLqfecvFtkrLQ,2689c116-1f77-413e-8dd7-caad021dd2cb,180,True
68dewaOp4bLqfecvFtkrLQ,2689c116-1f77-413e-8dd7-caad021dd2cb,270,True
ZWTeG2IqppxPkDsX44RI8g,5d959449-e69c-4b3a-b028-4d717ad60ac0,0,True
ZWTeG2IqppxPkDsX44RI8g,5d959449-e69c-4b3a-b028-4d717ad60ac0,90,True
ZWTeG2IqppxPkDsX44RI8g,5d959449-e69c-4b3a-b028-4d717ad60ac0,180,True
ZWTeG2IqppxPkDsX44RI8g,5d959449-e69c-4b3a-b028-4d717ad60ac0,270,True
dbh7cEye5bUmTNSNKU1mcw,7ad59871-ce61-45d7-bcf7-c0af42bcb1df,0,True
dbh7cEye5bUmTNSNKU1mcw,7ad59871-ce61-45d7-bcf7-c0af42bcb1df,90,True
dbh7cEye5bUmTNSNKU1mcw,7ad59871-ce61-45d7-bcf7-c0af42bcb1df,180,True
dbh7cEye5bUmTNSNKU1mcw,7ad59871-ce61-45d7-bcf7-c0af42bcb1df,270,True
GKAdcPiBZg8ipn2RMa1jjw,02a1ffda-63bb-48b6-824c-180902870922,0,True
GKAdcPiBZg8ipn2RMa1jjw,02a1ffda-63bb-48b6-824c-180902870922,90,True
GKAdcPiBZg8ipn2RMa1jjw,02a1ffda-63bb-48b6-824c-180902870922,180,True
GKAdcPiBZg8ipn2RMa1jjw,02a1ffda-63bb-48b6-824c-180902870922,270,True
EKiJgHeNWtmgIeEu9CIHXQ,2c169546-fc30-4830-a30b-41aed88d50bb,0,True
EKiJgHeNWtmgIeEu9CIHXQ,2c169546-fc30-4830-a30b-41aed88d50bb,90,True
EKiJgHeNWtmgIeEu9CIHXQ,2c169546-fc30-4830-a30b-41aed88d50bb,180,True
EKiJgHeNWtmgIeEu9CIHXQ,2c169546-fc30-4830-a30b-41aed88d50bb,270,True
seLtzGIDLaT8w5rzbkVFXg,bf4ee9fd-ee81-47fe-814f-702a31894a31,0,True
seLtzGIDLaT8w5rzbkVFXg,bf4ee9fd-ee81-47fe-814f-702a31894a31,90,True
seLtzGIDLaT8w5rzbkVFXg,bf4ee9fd-ee81-47fe-814f-702a31894a31,180,True
seLtzGIDLaT8w5rzbkVFXg,bf4ee9fd-ee81-47fe-814f-702a31894a31,270,True
jz4OGzvcLVI8hXjmx7O17A,5ef4c192-634a-4b5d-a4ea-cbebf4c9d21d,0,True
jz4OGzvcLVI8hXjmx7O17A,5ef4c192-634a-4b5d-a4ea-cbebf4c9d21d,90,True
jz4OGzvcLVI8hXjmx7O17A,5ef4c192-634a-4b5d-a4ea-cbebf4c9d21d,180,True
jz4OGzvcLVI8hXjmx7O17A,5ef4c192-634a-4b5d-a4ea-cbebf4c9d21d,270,True
ME1cPvih5TWHs_k1S5qTWw,ec5a1241-6c03-4d69-a574-c7c53c1cb63e,0,True
ME1cPvih5TWHs_k1S5qTWw,ec5a1241-6c03-4d69-a574-c7c53c1cb63e,90,True
ME1cPvih5TWHs_k1S5qTWw,ec5a1241-6c03-4d69-a574-c7c53c1cb63e,180,True
ME1cPvih5TWHs_k1S5qTWw,ec5a1241-6c03-4d69-a574-c7c53c1cb63e,270,True
IcXM5tOiZD33gwvEZU__Rg,e25efb55-c5fa-46ea-9d51-f6e33d92431d,0,True
IcXM5tOiZD33gwvEZU__Rg,e25efb55-c5fa-46ea-9d51-f6e33d92431d,90,True
IcXM5tOiZD33gwvEZU__Rg,e25efb55-c5fa-46ea-9d51-f6e33d92431d,180,True
IcXM5tOiZD33gwvEZU__Rg,e25efb55-c5fa-46ea-9d51-f6e33d92431d,270,True
tXxwW8uSpFCfbKGBIjYO0w,4f0c0b29-8125-4f63-9bb0-3adb2af3ba1b,0,True
tXxwW8uSpFCfbKGBIjYO0w,4f0c0b29-8125-4f63-9bb0-3adb2af3ba1b,90,True
tXxwW8uSpFCfbKGBIjYO0w,4f0c0b29-8125-4f63-9bb0-3adb2af3ba1b,180,True
tXxwW8uSpFCfbKGBIjYO0w,4f0c0b29-8125-4f63-9bb0-3adb2af3ba1b,270,True
flaCE9T4Bc2dMAN4I3WHqw,5a2eb3da-1939-4af8-bd44-f1f9fb7a366b,0,True
flaCE9T4Bc2dMAN4I3WHqw,5a2eb3da-1939-4af8-bd44-f1f9fb7a366b,90,True
flaCE9T4Bc2dMAN4I3WHqw,5a2eb3da-1939-4af8-bd44-f1f9fb7a366b,180,True
flaCE9T4Bc2dMAN4I3WHqw,5a2eb3da-1939-4af8-bd44-f1f9fb7a366b,270,True
QA8z6IPBhWpxkLnsUJoNpw,a37ba654-dabe-4cea-8a99-fd3fe8944bd6,0,True
QA8z6IPBhWpxkLnsUJoNpw,a37ba654-dabe-4cea-8a99-fd3fe8944bd6,90,True
QA8z6IPBhWpxkLnsUJoNpw,a37ba654-dabe-4cea-8a99-fd3fe8944bd6,180,True
QA8z6IPBhWpxkLnsUJoNpw,a37ba654-dabe-4cea-8a99-fd3fe8944bd6,270,True
FLNgjHCGDdQi27D5gbZOpw,572c96fe-a361-4895-84d8-06216c1f350e,0,True
FLNgjHCGDdQi27D5gbZOpw,572c96fe-a361-4895-84d8-06216c1f350e,90,True
FLNgjHCGDdQi27D5gbZOpw,572c96fe-a361-4895-84d8-06216c1f350e,180,True
FLNgjHCGDdQi27D5gbZOpw,572c96fe-a361-4895-84d8-06216c1f350e,270,True
DDy3XUH_93ZMLgw-qVL7yQ,65a8a276-c11b-4d26-a17c-e311b0bfd310,0,True
DDy3XUH_93ZMLgw-qVL7yQ,65a8a276-c11b-4d26-a17c-e311b0bfd310,90,True
DDy3XUH_93ZMLgw-qVL7yQ,65a8a276-c11b-4d26-a17c-e311b0bfd310,180,True
DDy3XUH_93ZMLgw-qVL7yQ,65a8a276-c11b-4d26-a17c-e311b0bfd310,270,True
pPS7JLZDS4McYAi01WGPdA,9501a24e-3b06-40b5-9154-9b60414da435,0,True
pPS7JLZDS4McYAi01WGPdA,9501a24e-3b06-40b5-9154-9b60414da435,90,True
pPS7JLZDS4McYAi01WGPdA,9501a24e-3b06-40b5-9154-9b60414da435,180,True
pPS7JLZDS4McYAi01WGPdA,9501a24e-3b06-40b5-9154-9b60414da435,270,True
14UvccCSgr4zg7SlzuwKnw,35445637-ea59-465f-99a6-6388c36e52d2,0,True
14UvccCSgr4zg7SlzuwKnw,35445637-ea59-465f-99a6-6388c36e52d2,90,True
14UvccCSgr4zg7SlzuwKnw,35445637-ea59-465f-99a6-6388c36e52d2,180,True
14UvccCSgr4zg7SlzuwKnw,35445637-ea59-465f-99a6-6388c36e52d2,270,True
aXD1kQwOe3duoEJRydJEJA,d4897370-7bc7-4212-8e67-244fd3e9ecc9,0,True
aXD1kQwOe3duoEJRydJEJA,d4897370-7bc7-4212-8e67-244fd3e9ecc9,90,True
aXD1kQwOe3duoEJRydJEJA,d4897370-7bc7-4212-8e67-244fd3e9ecc9,180,True
aXD1kQwOe3duoEJRydJEJA,d4897370-7bc7-4212-8e67-244fd3e9ecc9,270,True
L4Hn_VKPGff0pE3KCfEZUw,051de1de-ad29-47f3-b19a-10d4bc9015c8,0,True
L4Hn_VKPGff0pE3KCfEZUw,051de1de-ad29-47f3-b19a-10d4bc9015c8,90,True
L4Hn_VKPGff0pE3KCfEZUw,051de1de-ad29-47f3-b19a-10d4bc9015c8,180,True
L4Hn_VKPGff0pE3KCfEZUw,051de1de-ad29-47f3-b19a-10d4bc9015c8,270,True
xAGe-4quDonbm-iGuHwZDw,d605375d-e200-43fe-b008-0d746b97a828,0,True
xAGe-4quDonbm-iGuHwZDw,d605375d-e200-43fe-b008-0d746b97a828,90,True
xAGe-4quDonbm-iGuHwZDw,d605375d-e200-43fe-b008-0d746b97a828,180,True
xAGe-4quDonbm-iGuHwZDw,d605375d-e200-43fe-b008-0d746b97a828,270,True
q-xQALNzZL-gLVE79fwKSg,00a5a6c5-edd7-4b86-aaf3-6f49cd9ba205,0,True
q-xQALNzZL-gLVE79fwKSg,00a5a6c5-edd7-4b86-aaf3-6f49cd9ba205,90,True
q-xQALNzZL-gLVE79fwKSg,00a5a6c5-edd7-4b86-aaf3-6f49cd9ba205,180,True
q-xQALNzZL-gLVE79fwKSg,00a5a6c5-edd7-4b86-aaf3-6f49cd9ba205,270,True
AEPWQR9xIqpjSSx3NjBj-w,9f0689f1-9204-437a-8a64-00d0528b9dad,0,True
AEPWQR9xIqpjSSx3NjBj-w,9f0689f1-9204-437a-8a64-00d0528b9dad,90,True
AEPWQR9xIqpjSSx3NjBj-w,9f0689f1-9204-437a-8a64-00d0528b9dad,180,True
AEPWQR9xIqpjSSx3NjBj-w,9f0689f1-9204-437a-8a64-00d0528b9dad,270,True
TXDKpo9rimktnTpKBHsAGA,3a151400-f64a-40bd-b41d-c264a9f499bb,0,True
TXDKpo9rimktnTpKBHsAGA,3a151400-f64a-40bd-b41d-c264a9f499bb,90,True
TXDKpo9rimktnTpKBHsAGA,3a151400-f64a-40bd-b41d-c264a9f499bb,180,True
TXDKpo9rimktnTpKBHsAGA,3a151400-f64a-40bd-b41d-c264a9f499bb,270,True
QIRwB0KqGNnGQZr4D8LiHQ,c2fa5521-3c7b-43e7-8c53-9293234b116e,0,True
QIRwB0KqGNnGQZr4D8LiHQ,c2fa5521-3c7b-43e7-8c53-9293234b116e,90,True
QIRwB0KqGNnGQZr4D8LiHQ,c2fa5521-3c7b-43e7-8c53-9293234b116e,180,True
QIRwB0KqGNnGQZr4D8LiHQ,c2fa5521-3c7b-43e7-8c53-9293234b116e,270,True
A0IdFi8GIvDVkVTZZ5NilA,0d0a5942-1800-46eb-bb98-1650a9f763c6,0,True
A0IdFi8GIvDVkVTZZ5NilA,0d0a5942-1800-46eb-bb98-1650a9f763c6,90,True
A0IdFi8GIvDVkVTZZ5NilA,0d0a5942-1800-46eb-bb98-1650a9f763c6,180,True
A0IdFi8GIvDVkVTZZ5NilA,0d0a5942-1800-46eb-bb98-1650a9f763c6,270,True
_g6tPrKLbgJup4D3luNLJw,af24ac2f-8838-436f-a0bc-6d55ed410acc,0,True
_g6tPrKLbgJup4D3luNLJw,af24ac2f-8838-436f-a0bc-6d55ed410acc,90,True
_g6tPrKLbgJup4D3luNLJw,af24ac2f-8838-436f-a0bc-6d55ed410acc,180,True
_g6tPrKLbgJup4D3luNLJw,af24ac2f-8838-436f-a0bc-6d55ed410acc,270,True
EFdMN38S7oZwHBjHbkXMIw,24342b5f-4314-47f2-9cac-44092097d04e,0,True
EFdMN38S7oZwHBjHbkXMIw,24342b5f-4314-47f2-9cac-44092097d04e,90,True
EFdMN38S7oZwHBjHbkXMIw,24342b5f-4314-47f2-9cac-44092097d04e,180,True
EFdMN38S7oZwHBjHbkXMIw,24342b5f-4314-47f2-9cac-44092097d04e,270,True
8gIIzYvdKRUz6U1ANnrNEQ,97706988-e95f-43db-9bf6-a157211c2bb8,0,True
8gIIzYvdKRUz6U1ANnrNEQ,97706988-e95f-43db-9bf6-a157211c2bb8,90,True
8gIIzYvdKRUz6U1ANnrNEQ,97706988-e95f-43db-9bf6-a157211c2bb8,180,True
8gIIzYvdKRUz6U1ANnrNEQ,97706988-e95f-43db-9bf6-a157211c2bb8,270,True
YfDQetirydgY_8Z4SWTeNQ,6ee60d34-8199-4132-8efe-027be19d8095,0,True
YfDQetirydgY_8Z4SWTeNQ,6ee60d34-8199-4132-8efe-027be19d8095,90,True
YfDQetirydgY_8Z4SWTeNQ,6ee60d34-8199-4132-8efe-027be19d8095,180,True
YfDQetirydgY_8Z4SWTeNQ,6ee60d34-8199-4132-8efe-027be19d8095,270,True
PhXnzNsjgVHAjw0WL54qQQ,009d2514-74b0-4ad7-a07a-455205a034ca,0,True
PhXnzNsjgVHAjw0WL54qQQ,009d2514-74b0-4ad7-a07a-455205a034ca,90,True
PhXnzNsjgVHAjw0WL54qQQ,009d2514-74b0-4ad7-a07a-455205a034ca,180,True
PhXnzNsjgVHAjw0WL54qQQ,009d2514-74b0-4ad7-a07a-455205a034ca,270,True
8E58e9aSxncj87eUB5KAPA,47d996ea-34f2-4017-b11d-b3bd0ca4dbe2,0,True
8E58e9aSxncj87eUB5KAPA,47d996ea-34f2-4017-b11d-b3bd0ca4dbe2,90,True
8E58e9aSxncj87eUB5KAPA,47d996ea-34f2-4017-b11d-b3bd0ca4dbe2,180,True
8E58e9aSxncj87eUB5KAPA,47d996ea-34f2-4017-b11d-b3bd0ca4dbe2,270,True
IqzDIeE7IY4SKmx7eh-_sg,dc5dcf4e-ae43-4751-b578-236fe5f1c3f3,0,True
IqzDIeE7IY4SKmx7eh-_sg,dc5dcf4e-ae43-4751-b578-236fe5f1c3f3,90,True
IqzDIeE7IY4SKmx7eh-_sg,dc5dcf4e-ae43-4751-b578-236fe5f1c3f3,180,True
IqzDIeE7IY4SKmx7eh-_sg,dc5dcf4e-ae43-4751-b578-236fe5f1c3f3,270,True
VpQh2mfNkoqv-gkOPW7d4w,99f1524d-ff80-4d67-be73-d628337e736c,0,True
VpQh2mfNkoqv-gkOPW7d4w,99f1524d-ff80-4d67-be73-d628337e736c,90,True
VpQh2mfNkoqv-gkOPW7d4w,99f1524d-ff80-4d67-be73-d628337e736c,180,True
VpQh2mfNkoqv-gkOPW7d4w,99f1524d-ff80-4d67-be73-d628337e736c,270,True
kQr6V0BLw0EceYSs6MWVrQ,96926d0a-2b1b-47fc-a1b1-165ac41f5908,0,True
kQr6V0BLw0EceYSs6MWVrQ,96926d0a-2b1b-47fc-a1b1-165ac41f5908,90,True
kQr6V0BLw0EceYSs6MWVrQ,96926d0a-2b1b-47fc-a1b1-165ac41f5908,180,True
kQr6V0BLw0EceYSs6MWVrQ,96926d0a-2b1b-47fc-a1b1-165ac41f5908,270,True
X33z9xxkiLCmjapkbo1Oew,ce4f550b-2d83-49d0-8183-78f73a311574,0,True
X33z9xxkiLCmjapkbo1Oew,ce4f550b-2d83-49d0-8183-78f73a311574,90,True
X33z9xxkiLCmjapkbo1Oew,ce4f550b-2d83-49d0-8183-78f73a311574,180,True
X33z9xxkiLCmjapkbo1Oew,ce4f550b-2d83-49d0-8183-78f73a311574,270,True
ilULtpFoIgXMkXlX5XUUVQ,7f8d7fae-bde8-4117-8964-e128be54ba39,0,True
ilULtpFoIgXMkXlX5XUUVQ,7f8d7fae-bde8-4117-8964-e128be54ba39,90,True
ilULtpFoIgXMkXlX5XUUVQ,7f8d7fae-bde8-4117-8964-e128be54ba39,180,True
ilULtpFoIgXMkXlX5XUUVQ,7f8d7fae-bde8-4117-8964-e128be54ba39,270,True
HtlZhg7aIvYLCpCGV75h4Q,b062bc55-5895-48ab-ac25-f1ed8a50149b,0,True
HtlZhg7aIvYLCpCGV75h4Q,b062bc55-5895-48ab-ac25-f1ed8a50149b,90,True
HtlZhg7aIvYLCpCGV75h4Q,b062bc55-5895-48ab-ac25-f1ed8a50149b,180,True
HtlZhg7aIvYLCpCGV75h4Q,b062bc55-5895-48ab-ac25-f1ed8a50149b,270,True
Sd-Q24AWPjOg_SwlQ7iNJw,3207b131-a7d2-473c-9769-1cbba3df4dfe,0,True
Sd-Q24AWPjOg_SwlQ7iNJw,3207b131-a7d2-473c-9769-1cbba3df4dfe,90,True
Sd-Q24AWPjOg_SwlQ7iNJw,3207b131-a7d2-473c-9769-1cbba3df4dfe,180,True
Sd-Q24AWPjOg_SwlQ7iNJw,3207b131-a7d2-473c-9769-1cbba3df4dfe,270,True
O59H1x_7DnbDgzx78EkdEQ,a2c6a2aa-7b54-4d15-99b8-1cfb3cc0ca5b,0,True
O59H1x_7DnbDgzx78EkdEQ,a2c6a2aa-7b54-4d15-99b8-1cfb3cc0ca5b,90,True
O59H1x_7DnbDgzx78EkdEQ,a2c6a2aa-7b54-4d15-99b8-1cfb3cc0ca5b,180,True
O59H1x_7DnbDgzx78EkdEQ,a2c6a2aa-7b54-4d15-99b8-1cfb3cc0ca5b,270,True
wGIUMa4HxZdGlCf2cORfZQ,b41a356b-97c7-4f34-954e-bd70c5de4345,0,True
wGIUMa4HxZdGlCf2cORfZQ,b41a356b-97c7-4f34-954e-bd70c5de4345,90,True
wGIUMa4HxZdGlCf2cORfZQ,b41a356b-97c7-4f34-954e-bd70c5de4345,180,True
wGIUMa4HxZdGlCf2cORfZQ,b41a356b-97c7-4f34-954e-bd70c5de4345,270,True
mMNI7ZGCKZzmk3V4EaVYuw,162b04fb-506b-4ea8-84ca-33baca9981cd,0,True
mMNI7ZGCKZzmk3V4EaVYuw,162b04fb-506b-4ea8-84ca-33baca9981cd,90,True
mMNI7ZGCKZzmk3V4EaVYuw,162b04fb-506b-4ea8-84ca-33baca9981cd,180,True
mMNI7ZGCKZzmk3V4EaVYuw,162b04fb-506b-4ea8-84ca-33baca9981cd,270,True
rKqgqKwSmO0QcDFV-iOmMg,45e76cc5-dce4-4ba8-8fe8-049a2ca906eb,0,True
rKqgqKwSmO0QcDFV-iOmMg,45e76cc5-dce4-4ba8-8fe8-049a2ca906eb,90,True
rKqgqKwSmO0QcDFV-iOmMg,45e76cc5-dce4-4ba8-8fe8-049a2ca906eb,180,True
rKqgqKwSmO0QcDFV-iOmMg,45e76cc5-dce4-4ba8-8fe8-049a2ca906eb,270,True
Wh7Peh-xvVtntDqTu6C2_g,cd9bb6ef-6000-4e0a-b257-f80c17d60b62,0,True
Wh7Peh-xvVtntDqTu6C2_g,cd9bb6ef-6000-4e0a-b257-f80c17d60b62,90,True
Wh7Peh-xvVtntDqTu6C2_g,cd9bb6ef-6000-4e0a-b257-f80c17d60b62,180,True
Wh7Peh-xvVtntDqTu6C2_g,cd9bb6ef-6000-4e0a-b257-f80c17d60b62,270,True
itcqZ_zqIPTMLchnu8gAZw,03069ffa-06dc-40fc-83e5-4dbf19302abd,0,True
itcqZ_zqIPTMLchnu8gAZw,03069ffa-06dc-40fc-83e5-4dbf19302abd,90,True
itcqZ_zqIPTMLchnu8gAZw,03069ffa-06dc-40fc-83e5-4dbf19302abd,180,True
itcqZ_zqIPTMLchnu8gAZw,03069ffa-06dc-40fc-83e5-4dbf19302abd,270,True
jYrriBoHfSBh_fp2vTLm2Q,f357dc4d-ee65-4e39-9d53-77dee65fe7fa,0,True
jYrriBoHfSBh_fp2vTLm2Q,f357dc4d-ee65-4e39-9d53-77dee65fe7fa,90,True
jYrriBoHfSBh_fp2vTLm2Q,f357dc4d-ee65-4e39-9d53-77dee65fe7fa,180,True
jYrriBoHfSBh_fp2vTLm2Q,f357dc4d-ee65-4e39-9d53-77dee65fe7fa,270,True
MiXkKtp7M0xG631NxLqKgg,9a529050-0b74-4b76-8893-a7723068902b,0,True
MiXkKtp7M0xG631NxLqKgg,9a529050-0b74-4b76-8893-a7723068902b,90,True
MiXkKtp7M0xG631NxLqKgg,9a529050-0b74-4b76-8893-a7723068902b,180,True
MiXkKtp7M0xG631NxLqKgg,9a529050-0b74-4b76-8893-a7723068902b,270,True
BvlQ7U6iYHbGrOXCBOKLuQ,05376db6-573a-4006-b08f-1d7af1ce3d3c,0,True
BvlQ7U6iYHbGrOXCBOKLuQ,05376db6-573a-4006-b08f-1d7af1ce3d3c,90,True
BvlQ7U6iYHbGrOXCBOKLuQ,05376db6-573a-4006-b08f-1d7af1ce3d3c,180,True
BvlQ7U6iYHbGrOXCBOKLuQ,05376db6-573a-4006-b08f-1d7af1ce3d3c,270,True
q_9079DuXr2o_X_WzIXJQw,8d555ecd-a0f7-43b1-8edd-b369ffeb72cb,0,True
q_9079DuXr2o_X_WzIXJQw,8d555ecd-a0f7-43b1-8edd-b369ffeb72cb,90,True
q_9079DuXr2o_X_WzIXJQw,8d555ecd-a0f7-43b1-8edd-b369ffeb72cb,180,True
q_9079DuXr2o_X_WzIXJQw,8d555ecd-a0f7-43b1-8edd-b369ffeb72cb,270,True
faAm14F4AlEwMcwAgKHjbA,4e9102ce-4ee1-4494-a6c5-471ecaf85e01,0,True
faAm14F4AlEwMcwAgKHjbA,4e9102ce-4ee1-4494-a6c5-471ecaf85e01,90,True
faAm14F4AlEwMcwAgKHjbA,4e9102ce-4ee1-4494-a6c5-471ecaf85e01,180,True
faAm14F4AlEwMcwAgKHjbA,4e9102ce-4ee1-4494-a6c5-471ecaf85e01,270,True
2XBZHaFw4SuUzNMFphS5Mg,e423b833-c655-406d-abff-3f397ec893f3,0,True
2XBZHaFw4SuUzNMFphS5Mg,e423b833-c655-406d-abff-3f397ec893f3,90,True
2XBZHaFw4SuUzNMFphS5Mg,e423b833-c655-406d-abff-3f397ec893f3,180,True
2XBZHaFw4SuUzNMFphS5Mg,e423b833-c655-406d-abff-3f397ec893f3,270,True
Bl90NLrwjcmtnBJFsk9f9Q,d2e79062-7c6a-4da7-89ad-fa66cbd6f607,0,True
Bl90NLrwjcmtnBJFsk9f9Q,d2e79062-7c6a-4da7-89ad-fa66cbd6f607,90,True
Bl90NLrwjcmtnBJFsk9f9Q,d2e79062-7c6a-4da7-89ad-fa66cbd6f607,180,True
Bl90NLrwjcmtnBJFsk9f9Q,d2e79062-7c6a-4da7-89ad-fa66cbd6f607,270,True
aSJEb_15azNZ88Oe4CSU0A,09df27de-bec6-45fd-a259-1dbfa6a839f8,0,True
aSJEb_15azNZ88Oe4CSU0A,09df27de-bec6-45fd-a259-1dbfa6a839f8,90,True
aSJEb_15azNZ88Oe4CSU0A,09df27de-bec6-45fd-a259-1dbfa6a839f8,180,True
aSJEb_15azNZ88Oe4CSU0A,09df27de-bec6-45fd-a259-1dbfa6a839f8,270,True
yg__4tsg9SVIHBhB5FSQBg,a3e30fb2-620a-48e0-83c7-2603b33abeb3,0,True
yg__4tsg9SVIHBhB5FSQBg,a3e30fb2-620a-48e0-83c7-2603b33abeb3,90,True
yg__4tsg9SVIHBhB5FSQBg,a3e30fb2-620a-48e0-83c7-2603b33abeb3,180,True
yg__4tsg9SVIHBhB5FSQBg,a3e30fb2-620a-48e0-83c7-2603b33abeb3,270,True
iiCKZMQE6fdgWS4v9j7JqQ,0692e19b-5369-4540-aa43-2a2d642bbfdd,0,True
iiCKZMQE6fdgWS4v9j7JqQ,0692e19b-5369-4540-aa43-2a2d642bbfdd,90,True
iiCKZMQE6fdgWS4v9j7JqQ,0692e19b-5369-4540-aa43-2a2d642bbfdd,180,True
iiCKZMQE6fdgWS4v9j7JqQ,0692e19b-5369-4540-aa43-2a2d642bbfdd,270,True
